time_utc,TotalPower,BatteryStateOfCharge,Temperature
2024-245T00:01:00.0,0.0,143.15,0.0
2024-245T00:02:00.0,384.999999940483,1.4,-12.0964867663028
2024-245T00:03:00.0,384.999999399855,137.45,-12.0974993557598
2024-245T00:04:00.0,385.000010807604,134.85,-12.0985125609155
2024-245T00:05:00.0,381.80000002749,132.4,-12.0995253838464
